id	condition1	chao1
#q2:types	categorical	numeric
SRR16701174	VINASSE	301
SRR16701175	VINASSE	365.1
SRR16701176	VINASSE	0
SRR16701177	VINASSE	261
SRR16701178	MANURE	291.857142857143
SRR16701179	MANURE	321
SRR16701180	MANURE	320.6
SRR16701181	MANURE	341
SRR16701182	VINASSE	214
SRR16701183	VINASSE	323.3
SRR16701184	MANURE	309
SRR16701185	MANURE	0
SRR16481033	MANURE	0
SRR16481034	MANURE	0
SRR16481035	MANURE	0
SRR16481036	MANURE	0
SRR16481037	MANURE	1
SRR16481038	MANURE	0
SRR16481039	MANURE	0
SRR16481040	MANURE	0
SRR12959964	SILAGE	0
SRR12959965	SILAGE	0
SRR12959966	SILAGE	1
SRR12959967	SILAGE	0
SRR12959968	SILAGE	8
SRR12959969	SILAGE	0
SRR12959970	SILAGE	0
SRR12959971	SILAGE	0
SRR12959972	SILAGE	3.5
SRR12959963	SILAGE	2
ERR3972151	MANURE	2
ERR3972152	MANURE	0
ERR3972154	MANURE	0
ERR3972155	MANURE	1
ERR3972157	MANURE	1
ERR3972158	MANURE	0
ERR3972159	MANURE	2
ERR3972160	MANURE	1
ERR3972162	MANURE	0
ERR3972163	MANURE	0
ERR3972165	MANURE	1
ERR3972166	MANURE	0
ERR3972168	MANURE	0
ERR3972170	MANURE	0
ERR3972172	MANURE	1
ERR3972173	MANURE	0
ERR3972175	MANURE	0
ERR3972176	MANURE	0
ERR3972178	MANURE	3
ERR3972181	MANURE	0
ERR3972183	MANURE	1
ERR3972184	MANURE	1
ERR3972186	MANURE	0
ERR3972150	MANURE	0
ERR3972153	MANURE	0
ERR3972156	MANURE	3
ERR3972161	MANURE	1
ERR3972164	MANURE	0
ERR3972167	MANURE	0
ERR3972169	MANURE	0
ERR3972171	MANURE	0
ERR3972174	MANURE	0
ERR3972177	MANURE	0
ERR3972179	MANURE	1
ERR3972180	MANURE	0
ERR3972182	MANURE	2
ERR3972185	MANURE	0
SRR8450533	SYNTHETIC	46
SRR8450534	SYNTHETIC	57
SRR8450535	SYNTHETIC	8.33333333333333
SRR8450536	SYNTHETIC	55
SRR8450537	SYNTHETIC	234
SRR8450544	SYNTHETIC	26
SRR8450545	SYNTHETIC	49.3333333333333
SRR8450546	SYNTHETIC	42
SRR8450547	SYNTHETIC	125.5
SRR8450548	SYNTHETIC	64
SRR8450549	SYNTHETIC	41
SRR8450550	SYNTHETIC	96
SRR8450551	SYNTHETIC	167.333333333333
SRR8450552	SYNTHETIC	60
SRR8450553	SYNTHETIC	39
SRR8450554	SYNTHETIC	72
SRR8450555	SYNTHETIC	86.1666666666667
SRR8450556	SYNTHETIC	158
SRR8450557	SYNTHETIC	75
SRR8450558	SYNTHETIC	12
SRR8450559	SYNTHETIC	78
SRR8450560	SYNTHETIC	71.5
SRR8450561	SYNTHETIC	65
SRR8450562	SYNTHETIC	24.6
SRR8450563	SYNTHETIC	80
SRR8450564	SYNTHETIC	47
SRR8450565	SYNTHETIC	90
SRR8450566	SYNTHETIC	47.3333333333333
SRR8450567	SYNTHETIC	42
SRR8450568	SYNTHETIC	36
SRR8450569	SYNTHETIC	53
SRR8450570	SYNTHETIC	47.6666666666667
SRR8450571	SYNTHETIC	60
SRR8450579	SYNTHETIC	72
SRR8450580	SYNTHETIC	55
SRR8450581	SYNTHETIC	102.333333333333
SRR8450582	SYNTHETIC	134.5
SRR8450583	SYNTHETIC	53
SRR8450584	SYNTHETIC	77
SRR8450585	SYNTHETIC	59.2
SRR8450586	SYNTHETIC	29
SRR8450587	SYNTHETIC	30
SRR8450588	SYNTHETIC	16
SRR8450589	SYNTHETIC	51
SRR8450590	SYNTHETIC	95
SRR8450591	SYNTHETIC	97
SRR8450592	SYNTHETIC	45.25
SRR8450529	SYNTHETIC	235
SRR8450530	SYNTHETIC	0
SRR8450531	SYNTHETIC	40.75
SRR8450532	SYNTHETIC	0
SRR8450538	SYNTHETIC	64
SRR8450539	SYNTHETIC	0
SRR8450540	SYNTHETIC	74
SRR8450541	SYNTHETIC	102
SRR8450542	SYNTHETIC	63
SRR8450543	SYNTHETIC	144.5
SRR8450572	SYNTHETIC	45
SRR8450573	SYNTHETIC	70.25
SRR8450574	SYNTHETIC	274.333333333333
SRR8450575	SYNTHETIC	59
SRR8450576	SYNTHETIC	0
SRR8450577	SYNTHETIC	81
SRR8450578	SYNTHETIC	8
SRR2065167	SYNTHETIC	12.25
SRR2046292	SYNTHETIC	68.0769230769231
SRR2046299	SYNTHETIC	64.1666666666667
SRR2046304	SYNTHETIC	47.5
SRR2046339	SYNTHETIC	46.4285714285714
SRR2046406	SYNTHETIC	3
SRR6067579	FOODWASTE	63
SRR6067580	FOODWASTE	90
SRR6067581	FOODWASTE	70
SRR6067582	FOODWASTE	71
SRR6067583	FOODWASTE	76
SRR6067584	FOODWASTE	100
SRR6067585	FOODWASTE	84
SRR6067586	FOODWASTE	110
SRR6067587	FOODWASTE	122.052631578947
SRR6067588	FOODWASTE	458.78
SRR6067589	FOODWASTE	79.125
SRR6067590	FOODWASTE	472.761904761905
SRR6067591	FOODWASTE	466.943820224719
SRR6067592	FOODWASTE	362.693548387097
SRR6067593	FOODWASTE	475.315217391304
SRR6067594	FOODWASTE	513
SRR6067595	FOODWASTE	463.967741935484
SRR6067596	FOODWASTE	60
SRR6067597	FOODWASTE	77
SRR6067598	FOODWASTE	39
SRR6067599	FOODWASTE	64
SRR6067600	FOODWASTE	65
SRR6067601	FOODWASTE	41
SRR6067602	FOODWASTE	58.2
SRR6067603	FOODWASTE	52.5
SRR6067604	FOODWASTE	388.764705882353
SRR6067605	FOODWASTE	615.348684210526
SRR6067606	FOODWASTE	546.879120879121
SRR6067607	FOODWASTE	543.094339622642
SRR6067608	FOODWASTE	450.986486486487
SRR6067609	FOODWASTE	530.166666666667
SRR6067610	FOODWASTE	552.40625
SRR6067611	FOODWASTE	608.5
SRR6067612	FOODWASTE	549.809523809524
SRR6067613	FOODWASTE	407.166666666667
SRR6067614	FOODWASTE	475.838235294118
SRR6067615	FOODWASTE	537.758620689655
SRR6067616	FOODWASTE	499.276785714286
SRR6067617	FOODWASTE	210
SRR6067618	FOODWASTE	549.333333333333
SRR6067619	FOODWASTE	532.638888888889
SRR6067620	FOODWASTE	52
SRR6067621	FOODWASTE	56
SRR6067622	FOODWASTE	618.901639344262
SRR6067623	FOODWASTE	444.34375
SRR6067624	FOODWASTE	60
SRR6067625	FOODWASTE	61
SRR6301242	MIXED	0
SRR6301243	MIXED	1
SRR6301245	MIXED	8
SRR6301247	MIXED	1
SRR6301248	MIXED	1
SRR6301249	MIXED	0
SRR6301250	MIXED	5
SRR6301251	MIXED	9
SRR6301252	MIXED	1
SRR6301253	MIXED	0
SRR6301254	MIXED	10
SRR6301256	MIXED	0
SRR6301257	MIXED	10.5
SRR6301258	MIXED	10
SRR6301259	MIXED	7
SRR6301260	MIXED	1
SRR6301261	MIXED	28
SRR6301262	MIXED	3
ERR3561496	MIXED	30
ERR3561497	MIXED	39
ERR3561498	MIXED	23
ERR3561499	MIXED	23
ERR3561500	MIXED	35
ERR3561501	MIXED	26
ERR3561502	MIXED	33
ERR3561503	MIXED	46
ERR3561504	MIXED	43
ERR3561505	MIXED	37
ERR3561506	MIXED	27
ERR3561507	MIXED	26
ERR3561508	MIXED	28
ERR3561509	MIXED	35
ERR3561510	MIXED	39
ERR3561511	MIXED	38
ERR3561512	MIXED	52
ERR3561513	MIXED	50
ERR3561514	MIXED	37
ERR3561515	MIXED	30
ERR3561516	MIXED	33
ERR3561517	MIXED	38
ERR3561518	MIXED	37
ERR3561519	MIXED	36
ERR3561520	MIXED	32
ERR3561521	MIXED	37
ERR3561522	MIXED	23
ERR3561523	MIXED	26
ERR3561524	MIXED	10
ERR3561525	MIXED	30
ERR3561526	MIXED	25
ERR3561527	MIXED	27
ERR3561528	MIXED	36
ERR3561529	MIXED	248.5
ERR3561530	MIXED	35
ERR3561531	MIXED	47
ERR3561532	MIXED	39
ERR3561533	MIXED	37
ERR3561534	MIXED	35
ERR3561535	MIXED	34
ERR3561536	MIXED	43
ERR3561537	MIXED	42
ERR3561538	MIXED	47
ERR3561539	MIXED	43
ERR3561540	MIXED	41
SRR9089336	FOODWASTE	20.4285714285714
SRR9089337	FOODWASTE	17.9090909090909
SRR9089338	FOODWASTE	20.625
SRR9089339	FOODWASTE	58.2
SRR9089340	FOODWASTE	55.6
SRR9089341	FOODWASTE	19.1538461538462
SRR9089342	FOODWASTE	25
SRR9089343	FOODWASTE	18
SRR9089344	FOODWASTE	33.2307692307692
SRR9089345	FOODWASTE	25.4285714285714
SRR9089346	FOODWASTE	9.5
SRR1951459	DOMESTIC-URBAN	418.090909090909
SRR1951460	DOMESTIC-URBAN	373
SRR1951462	DOMESTIC-URBAN	358.1
SRR1951463	DOMESTIC-URBAN	412
ERR2588115	SYNTHETIC	18
ERR2588116	SYNTHETIC	6.5
ERR2588117	SYNTHETIC	18.1
ERR2588118	SYNTHETIC	20.6
ERR2588119	SYNTHETIC	24
ERR2588120	SYNTHETIC	20
ERR2588121	SYNTHETIC	48
ERR2588122	SYNTHETIC	4
ERR2588123	SYNTHETIC	12.2
ERR2588124	SYNTHETIC	8
ERR2588125	SYNTHETIC	13.75
ERR2588126	SYNTHETIC	53
ERR2588127	SYNTHETIC	20
ERR2588128	SYNTHETIC	8.5
ERR2588129	SYNTHETIC	7
ERR2588130	SILAGE	9.5
ERR2588131	SILAGE	7
ERR2588132	SILAGE	5
ERR2588133	SILAGE	0
ERR2588134	SILAGE	6
ERR2588135	SILAGE	5
ERR2588136	SILAGE	6
ERR2588137	SILAGE	4
ERR2588138	SILAGE	8.5
ERR2588139	SILAGE	5
ERR2588140	SILAGE	8
ERR2588141	SILAGE	4
ERR2588142	SILAGE	11
ERR2588143	SILAGE	3
ERR2588144	SILAGE	29
ERR2588145	SILAGE	16.5
ERR2588146	SILAGE	9
ERR2588147	SILAGE	7
SRR11545268	SILAGE	59
SRR11545269	SILAGE	25
SRR11545270	SILAGE	55
SRR11545271	SILAGE	28
SRR11545272	SILAGE	36
SRR11545273	SILAGE	22
SRR11545274	SILAGE	81
SRR11545275	SILAGE	47
SRR11545276	SILAGE	61
SRR11545277	SILAGE	37
SRR11545278	SILAGE	58
SRR11545279	SILAGE	58
SRR12983455	SILAGE	0
SRR12983456	SILAGE	0
SRR12983457	SILAGE	0
SRR12983458	SILAGE	0
SRR12983459	SILAGE	0
SRR12983460	SILAGE	0
SRR12983461	SILAGE	0
SRR12983462	SILAGE	0
SRR12983463	SILAGE	0
SRR12983464	SILAGE	0
SRR12983465	SILAGE	0
SRR12983466	SILAGE	5.5
SRR12983467	SILAGE	3
SRR12983468	SILAGE	0
SRR12983469	SILAGE	0
SRR12983470	SILAGE	0
SRR12983471	SILAGE	0
SRR12983472	SILAGE	0
SRR12983473	SILAGE	0
SRR12983474	SILAGE	0
SRR12983475	SILAGE	0
SRR12983476	SILAGE	0
SRR12983477	SILAGE	0
SRR12983478	SILAGE	0
SRR12983880	SILAGE	0
SRR12983881	SILAGE	0
SRR12983882	SILAGE	0
SRR12983883	SILAGE	0
SRR12983884	SILAGE	0
SRR12983885	SILAGE	0
SRR12983886	SILAGE	2
SRR12983887	SILAGE	2
SRR12983888	SILAGE	0
SRR12983889	SILAGE	1
SRR12983890	SILAGE	4.5
SRR12983891	SILAGE	1
SRR12983892	SILAGE	0
SRR12983893	SILAGE	0
SRR12983894	SILAGE	1
SRR12983895	SILAGE	5.5
SRR12983896	SILAGE	0
SRR12983897	SILAGE	0
SRR12983898	SILAGE	0
SRR12983899	SILAGE	0
SRR12983900	SILAGE	0
SRR12983901	SILAGE	0
SRR12983902	SILAGE	0
SRR12983903	SILAGE	0
SRR12983904	SILAGE	0
SRR12983905	SILAGE	0
SRR12983906	SILAGE	0
SRR12983907	SILAGE	0
SRR12983908	SILAGE	0
SRR12983909	SILAGE	0
SRR12983910	SILAGE	0
SRR12983911	SILAGE	6
SRR12983912	SILAGE	0
SRR12983913	SILAGE	1
SRR12983914	SILAGE	0
SRR12983915	SILAGE	0
SRR12074283	MIXED	0
SRR12074284	MIXED	3
SRR12074285	MIXED	2
SRR12074286	MIXED	0
SRR12074287	MIXED	0
SRR12074288	MIXED	0
SRR12074289	MIXED	2
SRR12074290	MIXED	9
SRR12074291	MIXED	0
SRR12074292	MIXED	9.75
SRR12074293	MIXED	4
SRR12074294	MIXED	8
SRR12074295	MIXED	8
SRR12074296	MIXED	5
SRR12074297	MIXED	4
SRR12074298	MIXED	8
SRR12074299	MIXED	5
SRR12074300	MIXED	3
SRR12074301	MIXED	0
SRR12074302	MIXED	0
SRR12074303	MIXED	37
SRR12074304	MIXED	5
SRR12074305	MIXED	12
SRR12074306	MIXED	3
SRR12074307	MIXED	1
SRR12074308	MIXED	0
SRR12074309	MIXED	0
SRR12074310	MIXED	0
SRR12074311	MIXED	0
SRR12074312	MIXED	2
SRR12074313	MIXED	0
SRR12074314	MIXED	0
SRR13189624	SILAGE	7
SRR13189625	SILAGE	6.5
SRR13189626	SILAGE	2
SRR13189627	SILAGE	2
SRR13189628	SILAGE	8
SRR13189629	SILAGE	8.5
SRR13189630	SILAGE	4
SRR13189631	SILAGE	4
SRR13189632	SILAGE	2
SRR13189633	SILAGE	1
SRR13189634	SILAGE	4
SRR13189635	SILAGE	2
SRR12088648	DOMESTIC-URBAN	95
SRR12088649	DOMESTIC-URBAN	111
SRR12088650	DOMESTIC-URBAN	57
SRR12088651	DOMESTIC-URBAN	69
SRR12088652	DOMESTIC-URBAN	75
SRR12088653	DOMESTIC-URBAN	54
SRR12088654	DOMESTIC-URBAN	52
SRR12088655	DOMESTIC-URBAN	23
SRR12088656	DOMESTIC-URBAN	192
SRR12088657	DOMESTIC-URBAN	265
SRR12088658	DOMESTIC-URBAN	39
SRR13168257	SILAGE	56
SRR13168258	SILAGE	124
SRR13168259	SILAGE	126
SRR13168260	SILAGE	104
SRR13168261	SILAGE	148
SRR13168262	SILAGE	140
SRR13168263	SILAGE	101
SRR13168264	SILAGE	193
SRR13168268	SILAGE	34
SRR13168269	SILAGE	42
SRR13168270	SILAGE	127
SRR13168271	SILAGE	129
SRR12011790	MANURE	6
SRR12011791	MANURE	7
SRR12011792	MANURE	10
SRR12011793	MANURE	7
SRR12011794	MANURE	9
SRR12011795	MANURE	11
SRR12011796	MANURE	6
SRR12011797	MANURE	4
SRR12011798	MANURE	7
SRR12011799	MANURE	4
SRR12011800	MANURE	3
SRR12011801	MANURE	6
SRR12011802	MANURE	5
SRR12011803	MANURE	8
SRR12011804	MANURE	5
SRR12011805	MANURE	11
SRR12011806	MANURE	7
SRR12011807	MANURE	6
SRR12011808	MANURE	9
SRR12011809	MANURE	3
SRR12011810	MANURE	11
SRR12011811	MANURE	10
SRR12011812	MANURE	7
SRR12011813	MANURE	6
SRR12011814	MANURE	8
SRR12011815	MANURE	12
SRR12011816	MANURE	6
SRR12011817	MANURE	4
SRR12011818	MANURE	7
SRR12011819	MANURE	12
SRR12011820	MANURE	6
SRR12011821	MANURE	7
SRR12011822	MANURE	3
SRR12011823	MANURE	6
SRR12011824	MANURE	4
SRR12011825	MANURE	2
SRR12011826	MANURE	5
SRR12011827	MANURE	5
SRR12011828	MANURE	5
SRR12011829	MANURE	4
SRR12011830	MANURE	7
SRR12011831	MANURE	7
SRR12011832	MANURE	7
SRR12011833	MANURE	6
SRR12011834	MANURE	8
SRR12011835	MANURE	7
SRR12011836	MANURE	8
SRR12011837	MANURE	2
SRR12011838	MANURE	1
SRR12011839	MANURE	4
SRR12011840	MANURE	5
SRR12011841	MANURE	4
SRR12011842	MANURE	4
SRR12011843	MANURE	9
SRR12011844	MANURE	5
SRR12011845	MANURE	5
SRR12011846	MANURE	9
SRR12011847	MANURE	6
SRR12011848	MANURE	5
SRR12011849	MANURE	5
SRR12011850	MANURE	5
SRR12011851	MANURE	3
SRR12011852	MANURE	5
SRR12011853	MANURE	5
SRR12011854	MANURE	5
SRR12011855	MANURE	5
SRR12011856	MANURE	6
SRR12011857	MANURE	4
SRR12011858	MANURE	9
SRR12011859	MANURE	7
SRR12011860	MANURE	5
SRR12011861	MANURE	8
SRR12011862	MANURE	5
SRR12011863	MANURE	7
SRR12011864	MANURE	14
SRR12011865	MANURE	8
SRR12011866	MANURE	8
SRR12011867	MANURE	7
SRR12011868	MANURE	8
SRR12011869	MANURE	7
SRR12011870	MANURE	9
SRR12011871	MANURE	6
SRR12011872	MANURE	6
SRR12011873	MANURE	4
SRR12011874	MANURE	8
SRR12011875	MANURE	6
SRR12011876	MANURE	5
SRR12011877	MANURE	10
SRR12011878	MANURE	10
SRR12011879	MANURE	11
SRR12011880	MANURE	7
SRR12011881	MANURE	10
SRR12011882	MANURE	6
SRR12011883	MANURE	8
SRR12011884	MANURE	12
SRR12011885	MANURE	8
SRR12011886	MANURE	6
SRR12011887	MANURE	9
SRR12011888	MANURE	8
SRR12011889	MANURE	8
SRR12011890	MANURE	5
SRR12011891	MANURE	8
SRR12011892	MANURE	5
SRR12011893	MANURE	8
SRR12011894	MANURE	5
SRR12011895	MANURE	7
SRR12011896	MANURE	7
SRR12011897	MANURE	11
SRR12011898	MANURE	1
SRR12011899	MANURE	5
SRR12011900	MANURE	8
SRR12011901	MANURE	9
SRR12011902	MANURE	12
SRR12011903	MANURE	7
SRR12011904	MANURE	10
SRR12011905	MANURE	16
SRR12011906	MANURE	0
SRR12011907	MANURE	9
SRR12011908	MANURE	9
SRR12011909	MANURE	9
SRR12011910	MANURE	6
SRR12011911	MANURE	9
SRR12011912	MANURE	6
SRR12011913	MANURE	9
SRR12011914	MANURE	11
SRR12011915	MANURE	8
SRR12011916	MANURE	9
SRR12011917	MANURE	7
SRR12011918	MANURE	3
SRR12011919	MANURE	8
SRR12011920	MANURE	8
SRR12011921	MANURE	8
SRR12011922	MANURE	10
SRR12011923	MANURE	7
SRR12011924	MANURE	9
SRR12011925	MANURE	11
SRR12011926	MANURE	7
SRR12011927	MANURE	5
SRR12011928	MANURE	11
SRR12011929	MANURE	2
SRR12011930	MANURE	5
SRR14300739	FOODWASTE	9
SRR14300740	FOODWASTE	16
SRR14300741	SILAGE	0
SRR14300742	SILAGE	6756.34146341463
SRR14300743	FOODWASTE	5
SRR14300744	FOODWASTE	9
SRR14300745	FOODWASTE	9
SRR14300746	FOODWASTE	8
SRR14300747	FOODWASTE	9
SRR14300748	FOODWASTE	0
SRR14300749	FOODWASTE	2
SRR14300750	FOODWASTE	8
SRR14300751	FOODWASTE	1
SRR14300752	FOODWASTE	2
SRR14300753	SILAGE	1
SRR14300754	FOODWASTE	2
SRR14300755	FOODWASTE	3
SRR14300756	FOODWASTE	1
SRR14300757	FOODWASTE	6
SRR14300758	FOODWASTE	2
SRR14300759	FOODWASTE	4
SRR14300760	FOODWASTE	12
SRR14300761	FOODWASTE	0
SRR14300762	FOODWASTE	0
SRR14300763	FOODWASTE	1
SRR14300764	SILAGE	5
SRR14300765	FOODWASTE	1
SRR14300766	FOODWASTE	0
SRR14300767	FOODWASTE	5
SRR14300768	FOODWASTE	11
SRR14300769	FOODWASTE	5
SRR14300770	FOODWASTE	7
SRR14300771	FOODWASTE	4
SRR14300772	FOODWASTE	23
SRR14300773	FOODWASTE	28
SRR14300774	FOODWASTE	0
SRR14300775	SILAGE	3
SRR14300776	FOODWASTE	2
SRR14300777	FOODWASTE	15
SRR14300778	FOODWASTE	12
SRR14300779	FOODWASTE	23
SRR14300780	SILAGE	19
SRR14300781	SILAGE	9
SRR14300782	SILAGE	12
SRR14300783	SILAGE	19
SRR14300784	SILAGE	11
SRR14300785	SILAGE	11
SRR14300786	SILAGE	3
SRR14300787	SILAGE	29
SRR14300788	SILAGE	1
SRR14300789	SILAGE	7
SRR14300790	SILAGE	12
SRR14300791	SILAGE	10
SRR14300792	SILAGE	6
SRR14300793	SILAGE	4
SRR14300794	SILAGE	6
SRR14300795	SILAGE	7
SRR14300796	SILAGE	9
SRR14300797	SILAGE	7
SRR14300798	SILAGE	3506.07299270073
SRR14300799	SILAGE	0
SRR14300800	FOODWASTE	6
SRR14300801	FOODWASTE	12
SRR14300802	FOODWASTE	6
SRR14300803	FOODWASTE	4
SRR14300804	FOODWASTE	9
SRR14300805	FOODWASTE	0
SRR14300806	FOODWASTE	2
SRR14300807	FOODWASTE	2
SRR14300808	FOODWASTE	2
SRR14300809	FOODWASTE	3
SRR14300810	SILAGE	0
SRR14300811	FOODWASTE	3
SRR14300812	FOODWASTE	7
SRR14300813	FOODWASTE	3
SRR14300814	FOODWASTE	5
SRR14300815	FOODWASTE	3
SRR14300816	FOODWASTE	6
SRR14300817	FOODWASTE	5
SRR14300818	FOODWASTE	0
SRR14300819	FOODWASTE	1
SRR14300820	FOODWASTE	2
SRR14300821	SILAGE	1
SRR14300822	FOODWASTE	8
SRR14300823	FOODWASTE	5
SRR14300824	FOODWASTE	10
SRR14300825	FOODWASTE	5
SRR14300826	FOODWASTE	32
SRR14300827	FOODWASTE	8
SRR14300828	FOODWASTE	4
SRR14300829	FOODWASTE	11
SRR14300830	FOODWASTE	29
SRR14300831	FOODWASTE	0
SRR14300832	SILAGE	18
SRR14300833	FOODWASTE	3
SRR14300834	FOODWASTE	18
SRR14300835	FOODWASTE	17
SRR14300836	FOODWASTE	16
SRR14300837	FOODWASTE	10
SRR14300838	FOODWASTE	453
SRR14300839	FOODWASTE	36
SRR14300840	FOODWASTE	34
SRR14300841	FOODWASTE	4
SRR14300842	FOODWASTE	7
SRR14300843	SILAGE	20
SRR14300844	SILAGE	6708.53475935829
SRR14300845	FOODWASTE	270
SRR14300846	FOODWASTE	0
SRR14300847	FOODWASTE	4
SRR14300848	FOODWASTE	13
SRR14300849	FOODWASTE	11
SRR14300850	FOODWASTE	10
SRR14300851	FOODWASTE	10
SRR14300852	FOODWASTE	16
SRR14300853	FOODWASTE	16
SRR14300854	FOODWASTE	15
SRR14300855	SILAGE	21
SRR14300856	FOODWASTE	6
SRR14300857	FOODWASTE	17
SRR14300858	FOODWASTE	168
SRR14300859	FOODWASTE	161.6
SRR14300860	FOODWASTE	93.6
SRR14300861	FOODWASTE	34
SRR14300862	FOODWASTE	24
SRR14300472	FOODWASTE	19
SRR14300473	FOODWASTE	12
SRR14300474	FOODWASTE	14
SRR14300475	SILAGE	4
SRR14300476	FOODWASTE	8
SRR14300477	FOODWASTE	13
SRR14300478	FOODWASTE	7
SRR14300479	FOODWASTE	23
SRR14300480	FOODWASTE	250.333333333333
SRR14300481	MANURE	47
SRR14300482	MANURE	20
SRR14300483	MANURE	5
SRR14300484	MANURE	22
SRR14300485	MANURE	20
SRR14300486	SILAGE	99.2307692307692
SRR14300487	MANURE	18
SRR14300488	MANURE	5
SRR14300489	MANURE	12
SRR14300490	MANURE	5
SRR14300491	MANURE	4
SRR14300492	MANURE	2
SRR14300493	MANURE	3
SRR14300494	MANURE	2
SRR14300495	MANURE	1
SRR14300496	MANURE	0
SRR14300497	SILAGE	51
SRR14300498	MANURE	1
SRR14300499	MANURE	9
SRR14300500	MANURE	1
SRR14300501	MANURE	0
SRR14300502	MANURE	0
SRR14300503	MANURE	2
SRR14300504	MANURE	0
SRR14300505	MANURE	3
SRR14300506	MANURE	4
SRR14300507	MANURE	1
SRR14300508	SILAGE	107
SRR14300509	MANURE	0
SRR14300510	MANURE	3
SRR14300511	MANURE	4
SRR14300512	MANURE	0
SRR14300513	MANURE	1
SRR14300514	MANURE	3
SRR14300515	MANURE	1
SRR14300516	MANURE	0
SRR14300517	MANURE	0
SRR14300518	MANURE	0
SRR14300519	SILAGE	33
SRR14300520	MANURE	2
SRR14300521	MANURE	0
SRR14300522	MANURE	0
SRR14300523	MANURE	0
SRR14300524	MANURE	1
SRR14300525	MANURE	3
SRR14300526	MANURE	1
SRR14300527	MANURE	2
SRR14300528	MANURE	1
SRR14300529	MANURE	1
SRR14300530	SILAGE	58
SRR14300531	MANURE	1
SRR14300532	MANURE	0
SRR14300533	MANURE	2
SRR14300534	MANURE	0
SRR14300535	MANURE	1
SRR14300536	MANURE	11
SRR14300537	MANURE	1
SRR14300538	MANURE	9
SRR14300539	MANURE	1
SRR14300540	MANURE	1
SRR14300541	SILAGE	0
SRR14300542	MANURE	5
SRR14300543	MANURE	1
SRR14300544	MANURE	3
SRR14300545	MANURE	2
SRR14300546	MANURE	2
SRR14300547	MANURE	0
SRR14300548	MANURE	0
SRR14300549	MANURE	2
SRR14300550	MANURE	1
SRR14300551	MANURE	0
SRR14300552	SILAGE	1
SRR14300553	MANURE	0
SRR14300554	MANURE	3
SRR14300555	MANURE	1
SRR14300556	MANURE	1
SRR14300557	MANURE	8
SRR14300558	MANURE	14
SRR14300559	MANURE	4
SRR14300560	MANURE	0
SRR14300561	MANURE	1
SRR14300562	MANURE	1
SRR14300563	SILAGE	4
SRR14300564	SILAGE	4666.13194444444
SRR14300565	MANURE	0
SRR14300566	MANURE	2
SRR14300567	MANURE	1
SRR14300568	SILAGE	15
SRR14300569	SILAGE	17
SRR14300570	SILAGE	49.5
SRR14300571	SILAGE	0
SRR14300572	SILAGE	4
SRR14300573	SILAGE	439
SRR14300574	SILAGE	56
SRR14300575	SILAGE	9
SRR14300576	SILAGE	20
SRR14300577	SILAGE	76.4615384615385
SRR14300578	SILAGE	21
SRR14300579	SILAGE	48.5
SRR14300580	FOODWASTE	21
SRR14300581	FOODWASTE	12
SRR14300582	FOODWASTE	16
SRR14300583	FOODWASTE	32
SRR14300584	FOODWASTE	6
SRR14300585	FOODWASTE	3
SRR14300586	FOODWASTE	8
SRR14300587	FOODWASTE	3
SRR14300588	FOODWASTE	0
SRR14300589	FOODWASTE	0
SRR14300590	FOODWASTE	2
SRR14300591	SILAGE	149
SRR14300592	FOODWASTE	5
SRR14300593	FOODWASTE	4
SRR14300594	FOODWASTE	3
SRR14300595	FOODWASTE	7
SRR14300596	FOODWASTE	3
SRR14300597	FOODWASTE	4
SRR14300598	FOODWASTE	3
SRR14300599	FOODWASTE	3
SRR14300600	FOODWASTE	9
SRR14300601	FOODWASTE	0
SRR14300602	SILAGE	4
SRR14300603	FOODWASTE	3
SRR14300604	FOODWASTE	6
SRR14300605	FOODWASTE	6
SRR14300606	FOODWASTE	5
SRR14300607	FOODWASTE	5
SRR14300608	FOODWASTE	9
SRR14300609	FOODWASTE	4
SRR14300610	FOODWASTE	5
SRR14300611	FOODWASTE	10
SRR14300612	FOODWASTE	8
SRR14300613	SILAGE	2
SRR14300614	FOODWASTE	28
SRR14300615	FOODWASTE	0
SRR14300616	FOODWASTE	2
SRR14300617	FOODWASTE	2
SRR14300618	FOODWASTE	5
SRR14300619	FOODWASTE	2
SRR14300620	FOODWASTE	6
SRR14300621	FOODWASTE	6
SRR14300622	FOODWASTE	5
SRR14300623	FOODWASTE	7
SRR14300624	SILAGE	9
SRR14300625	FOODWASTE	2
SRR14300626	FOODWASTE	3
SRR14300627	FOODWASTE	7
SRR14300628	FOODWASTE	0
SRR14300629	FOODWASTE	0
SRR14300630	FOODWASTE	6
SRR14300631	FOODWASTE	4
SRR14300632	FOODWASTE	6
SRR14300633	FOODWASTE	7
SRR14300634	FOODWASTE	2
SRR14300635	MANURE	1
SRR14300636	MANURE	1
SRR14300637	MANURE	2
SRR14300638	MANURE	2
SRR14300639	MANURE	0
SRR14300640	MANURE	3
SRR14300641	MANURE	0
SRR14300642	SILAGE	5
SRR14300643	MANURE	0
SRR14300644	MANURE	1
SRR14300645	MANURE	4
SRR14300646	MANURE	11
SRR14300647	MANURE	5
SRR14300648	MANURE	10
SRR14300649	MANURE	0
SRR14300650	MANURE	1
SRR14300651	MANURE	3
SRR14300652	MANURE	11
SRR14300653	SILAGE	7
SRR14300654	MANURE	5
SRR14300655	MANURE	0
SRR14300656	MANURE	0
SRR14300657	MANURE	0
SRR14300658	MANURE	8
SRR14300659	MANURE	19
SRR14300660	MANURE	6
SRR14300661	MANURE	9
SRR14300662	MANURE	6
SRR14300663	MANURE	12
SRR14300664	SILAGE	10
SRR14300665	MANURE	12
SRR14300666	MANURE	2
SRR14300667	MANURE	12
SRR14300668	MANURE	0
SRR14300669	MANURE	1
SRR14300670	MANURE	5
SRR14300671	MANURE	4
SRR14300672	MANURE	6
SRR14300673	MANURE	11
SRR14300674	MANURE	65.3333333333333
SRR14300675	SILAGE	5
SRR14300676	MANURE	13
SRR14300677	MANURE	68
SRR14300678	MANURE	13
SRR14300679	MANURE	61.2
SRR14300680	MANURE	8
SRR14300681	MANURE	0
SRR14300682	MANURE	0
SRR14300683	MANURE	3
SRR14300684	MANURE	11
SRR14300685	MANURE	6
SRR14300686	SILAGE	3
SRR14300687	MANURE	235
SRR14300688	MANURE	2
SRR14300689	MANURE	2
SRR14300690	MANURE	3
SRR14300691	MANURE	4
SRR14300692	MANURE	5
SRR14300693	MANURE	4
SRR14300694	MANURE	0
SRR14300695	MANURE	0
SRR14300696	MANURE	1
SRR14300697	SILAGE	8
SRR14300698	MANURE	3
SRR14300699	MANURE	3
SRR14300700	MANURE	1
SRR14300701	MANURE	8
SRR14300702	MANURE	1
SRR14300703	MANURE	3
SRR14300704	MANURE	3
SRR14300705	MANURE	25
SRR14300706	MANURE	15
SRR14300707	MANURE	0
SRR14300708	SILAGE	3
SRR14300709	MANURE	2
SRR14300710	MANURE	1
SRR14300711	MANURE	4
SRR14300712	MANURE	4
SRR14300713	MANURE	3
SRR14300714	FOODWASTE	1
SRR14300715	FOODWASTE	1
SRR14300716	FOODWASTE	4
SRR14300717	FOODWASTE	4
SRR14300718	FOODWASTE	15
SRR14300719	SILAGE	6
SRR14300720	FOODWASTE	2
SRR14300721	FOODWASTE	0
SRR14300722	FOODWASTE	3
SRR14300723	FOODWASTE	4
SRR14300724	FOODWASTE	13
SRR14300725	FOODWASTE	18
SRR14300726	FOODWASTE	15
SRR14300727	FOODWASTE	26
SRR14300728	FOODWASTE	23
SRR14300729	FOODWASTE	21
SRR14300730	SILAGE	4
SRR14300731	FOODWASTE	22
SRR14300732	FOODWASTE	15
SRR14300733	FOODWASTE	27
SRR14300734	FOODWASTE	0
SRR14300735	FOODWASTE	4
SRR14300736	FOODWASTE	13
SRR14300737	FOODWASTE	10
SRR14300738	FOODWASTE	8
SRR22681385	ALGAE	0
SRR22681386	ALGAE	3
SRR22681387	ALGAE	0
SRR22681388	ALGAE	1
SRR22681389	ALGAE	2
SRR22681390	ALGAE	1
SRR22681391	ALGAE	2
SRR22681392	ALGAE	4
SRR22681393	ALGAE	2
SRR22681394	ALGAE	0
SRR22681395	ALGAE	4
SRR22681396	ALGAE	3
SRR6173195	MIXED	20
SRR6173196	MIXED	42
SRR6173197	MIXED	14
SRR6173198	MIXED	34
SRR6173199	MIXED	35
SRR6173200	MIXED	16
SRR6173201	MIXED	71
SRR6173202	MIXED	81
SRR6173203	MIXED	32
SRR6173204	MIXED	36
SRR6173205	MIXED	36
SRR6173206	MIXED	24
SRR6173207	MIXED	84
SRR6173208	MIXED	35
SRR6173209	MIXED	27
SRR6173210	MIXED	13
SRR6173211	MIXED	27
SRR6173212	MIXED	32
SRR6173213	MIXED	51
SRR6173214	MIXED	31
SRR6173215	MIXED	33
SRR6173216	MIXED	52
SRR6173217	MIXED	82
SRR6173218	MIXED	38
SRR6173219	MIXED	60
SRR6173220	MIXED	34
SRR6173221	MIXED	21
SRR6173222	MIXED	58
SRR6173223	MIXED	23
SRR6173224	MIXED	12
SRR6173225	MIXED	19
SRR6173226	MIXED	23
SRR6173227	MIXED	9
SRR6173228	MIXED	17
SRR6173229	MIXED	3
SRR6173230	MIXED	40
SRR6173231	MIXED	22
SRR6173232	MIXED	18
SRR6173233	MIXED	48
SRR6173234	MIXED	113.5
SRR6173235	MIXED	16
SRR6173236	MIXED	36
SRR6173237	MIXED	17
SRR6173238	MIXED	35
SRR6173239	MIXED	25
SRR6173240	MIXED	27
SRR6173241	MIXED	24
SRR6173242	MIXED	17
SRR6173243	MIXED	21
SRR6173244	MIXED	28
SRR6173245	MIXED	34
SRR6173246	MIXED	39
SRR6173247	MIXED	38
SRR6173248	MIXED	40
SRR6173249	MIXED	49
SRR6173250	MIXED	45
SRR6173251	MIXED	27
SRR5808316	MIXED	12
SRR5808317	MIXED	15
SRR5808318	MIXED	19
SRR5808319	MIXED	14
SRR5808320	MIXED	18
SRR5808321	MIXED	44
SRR5808322	MIXED	13
SRR5808323	MIXED	6
SRR5808324	MIXED	20
SRR5808325	MIXED	10
SRR5808326	MIXED	78.5
SRR5808327	MIXED	65
SRR5808328	MIXED	46.5
SRR5808329	MIXED	85
SRR5808330	MIXED	42
SRR5808331	MIXED	70
SRR5808332	MIXED	20
SRR5808333	MIXED	24
SRR5808334	MIXED	57
SRR5808335	MIXED	41
SRR5808336	MIXED	9
SRR5808337	MIXED	13
SRR5808338	MIXED	8
SRR5808339	MIXED	9
SRR5808340	MIXED	27
SRR5808341	MIXED	17
SRR5808342	MIXED	40
SRR5808343	MIXED	42
SRR5808344	MIXED	11
SRR5808345	MIXED	24
SRR5808346	MIXED	88
SRR5808347	MIXED	60
SRR5808348	MIXED	31
SRR5808349	MIXED	19
SRR5808350	MIXED	48
SRR5808351	MIXED	62
SRR5808352	MIXED	71
SRR5808353	MIXED	64
SRR5808354	MIXED	19
SRR5808355	MIXED	19
SRR5808356	MIXED	61
SRR5808357	MIXED	74
SRR5808358	MIXED	39
SRR5808359	MIXED	58
SRR5808360	MIXED	29
SRR5808361	MIXED	113.5
SRR5808362	MIXED	11
SRR5808363	MIXED	75
SRR5808364	MIXED	25
SRR5808365	MIXED	15
SRR5808366	MIXED	15
SRR5808367	MIXED	9
SRR5808368	MIXED	29.5
SRR5808369	MIXED	20
SRR5808370	MIXED	38
SRR5808371	MIXED	13
SRR5808372	MIXED	3
SRR5808373	MIXED	83.3333333333333
SRR5808374	MIXED	14
SRR5808375	MIXED	24
SRR5808376	MIXED	40
SRR5808377	MIXED	51
SRR5808378	MIXED	7
SRR5808379	MIXED	23
SRR5808380	MIXED	23
SRR5808381	MIXED	64
SRR5808382	MIXED	23
SRR5808383	MIXED	38
SRR5808384	MIXED	24
SRR5808385	MIXED	36.5
SRR5808386	MIXED	35
SRR5808387	MIXED	28
SRR5808388	MIXED	8
SRR5808389	MIXED	31
SRR5808390	MIXED	10
SRR5808391	MIXED	27
SRR5808392	MIXED	11
SRR5808393	MIXED	24
SRR5808394	MIXED	21
SRR5808395	MIXED	67
SRR5808396	MIXED	26
SRR5808397	MIXED	20
SRR5808398	MIXED	30
SRR5808399	MIXED	23
SRR5808400	MIXED	18
SRR5808401	MIXED	9
SRR5808402	MIXED	23
SRR5808403	MIXED	20
SRR5808404	MIXED	18
SRR5808405	MIXED	22
SRR5808406	MIXED	23
SRR5808407	MIXED	26
SRR5808408	MIXED	15
SRR5808409	MIXED	8
SRR5808410	MIXED	19
SRR5808411	MIXED	10
SRR5808412	MIXED	13
SRR5808413	MIXED	15
SRR5808414	MIXED	12
SRR5808415	MIXED	10
SRR5808416	MIXED	26
SRR5808417	MIXED	43
SRR5808418	MIXED	14
SRR5808419	MIXED	18
SRR5808420	MIXED	37
SRR5808421	MIXED	14
SRR5808422	MIXED	43
SRR5808423	MIXED	16
SRR5808424	MIXED	58
SRR5808425	MIXED	12
SRR5808426	MIXED	22
SRR5808427	MIXED	46
SRR5808428	MIXED	34
SRR5808429	MIXED	34
SRR3166006	FOODWASTE	17
SRR3166007	FOODWASTE	53.2
SRR2312703	FOODWASTE	0
SRR2420280	FOODWASTE	0
SRR3161878	FOODWASTE	0
SRR21103440	SYNTHETIC	11
SRR21103441	SYNTHETIC	13
SRR21103442	SYNTHETIC	6
SRR21103443	SYNTHETIC	3
SRR21103444	SYNTHETIC	5
SRR21103445	SYNTHETIC	9
SRR21103446	SYNTHETIC	3
SRR21103447	SYNTHETIC	7
SRR21103448	SYNTHETIC	8
SRR21103449	SYNTHETIC	18
SRR21103450	SYNTHETIC	7
SRR21103451	SYNTHETIC	2
SRR21103452	SYNTHETIC	9
SRR21103453	SYNTHETIC	8
SRR21103454	SYNTHETIC	7
SRR21103455	SYNTHETIC	11
SRR21103456	SYNTHETIC	9
SRR21103457	SYNTHETIC	3
SRR21103458	SYNTHETIC	6
SRR21103459	SYNTHETIC	8
SRR21103460	SYNTHETIC	7
SRR21103461	SYNTHETIC	8
SRR21103462	SYNTHETIC	4
SRR21103463	SYNTHETIC	7
SRR21103464	SYNTHETIC	6
SRR21103465	SYNTHETIC	13
SRR21103466	SYNTHETIC	9
SRR21103467	SYNTHETIC	13
SRR21103468	SYNTHETIC	13
SRR21103469	SYNTHETIC	9
SRR21103470	SYNTHETIC	6
SRR21103471	SYNTHETIC	8
SRR21103472	SYNTHETIC	7
SRR21103473	SYNTHETIC	6
SRR21103474	SYNTHETIC	6
SRR21103475	SYNTHETIC	13
SRR21103476	SYNTHETIC	7
SRR21103477	SYNTHETIC	7
SRR21103478	SYNTHETIC	21
SRR21103479	SYNTHETIC	11
SRR21103480	SYNTHETIC	2
SRR21103481	SYNTHETIC	10
SRR21103482	SYNTHETIC	9
SRR21103483	SYNTHETIC	9
SRR21103484	SYNTHETIC	8
SRR21103485	SYNTHETIC	13
SRR21103486	SYNTHETIC	6
SRR21103487	SYNTHETIC	6
SRR21103488	SYNTHETIC	11
SRR21103489	SYNTHETIC	11
SRR21103490	SYNTHETIC	13
SRR21103491	SYNTHETIC	3
SRR21103492	SYNTHETIC	5
SRR21103493	SYNTHETIC	5
SRR21103494	SYNTHETIC	5
SRR21103495	SYNTHETIC	12
SRR21103496	SYNTHETIC	6
SRR21103497	SYNTHETIC	13
SRR21103498	SYNTHETIC	18
SRR21103499	SYNTHETIC	18
SRR21103500	SYNTHETIC	15
SRR21103501	SYNTHETIC	14
SRR23782922	SYNTHETIC	73
SRR23782923	SYNTHETIC	54
SRR23782924	SYNTHETIC	99
SRR21283101	MANURE	10
SRR21283102	MANURE	28
SRR21283103	MANURE	4
SRR21283104	MANURE	19
SRR21283105	MANURE	0
SRR21283106	MANURE	2
SRR21283107	MANURE	11
SRR21283108	MANURE	1
SRR21283109	MANURE	2
SRR21283110	MANURE	0
SRR21283111	MANURE	1
SRR21283112	MANURE	16
SRR21283113	MANURE	6
SRR21283114	MANURE	8
SRR21283115	MANURE	17
SRR21283116	MANURE	0
SRR21283117	MANURE	0
SRR21283118	MANURE	6
SRR21283119	MANURE	1
SRR21283120	MANURE	2
SRR21283121	MANURE	7
SRR21283122	MANURE	11
SRR21283123	MANURE	0
SRR21283124	MANURE	15
SRR21283125	MANURE	7
SRR21465144	DOMESTIC-URBAN	127
SRR21465145	DOMESTIC-URBAN	92
SRR21465146	DOMESTIC-URBAN	122
SRR21465147	DOMESTIC-URBAN	123
SRR21465148	DOMESTIC-URBAN	128
SRR21465149	DOMESTIC-URBAN	92
SRR2392481	VINASSE	19.5
SRR2346090	VINASSE	13
SRR2320475	VINASSE	9
SRR2218496	VINASSE	13
SRR2239272	VINASSE	22.5
SRR2243221	VINASSE	16.5
SRR2193375	VINASSE	6
SRR2193668	VINASSE	2
SRR4450465	MANURE	0
SRR4450466	MANURE	0
SRR4450467	MANURE	0
SRR4450468	MANURE	0
SRR4450469	MANURE	0
SRR4450470	MANURE	0
SRR4450471	MANURE	0
SRR4450472	MANURE	0
SRR4450473	MANURE	0
SRR4450474	MANURE	0
SRR4450475	MANURE	0
SRR4450476	MANURE	0
SRR4450477	MANURE	0
SRR4450478	MANURE	1
SRR4450479	MANURE	0
SRR4450480	MANURE	0
SRR4450481	MANURE	0
SRR4450482	MANURE	0
SRR4450483	MANURE	0
SRR4450484	MANURE	0
SRR5436374	ALGAE	24.3333333333333
SRR5436375	ALGAE	23.4
SRR5436376	ALGAE	15.25
SRR5436377	ALGAE	17.75
SRR5436378	ALGAE	14.4285714285714
SRR5436379	ALGAE	52.75
SRR5436380	ALGAE	73.8947368421053
SRR5436381	ALGAE	40.75
SRR5436382	ALGAE	34.2142857142857
SRR5436383	ALGAE	32.5
SRR7268534	SYNTHETIC	0
SRR7268535	SYNTHETIC	59
SRR7268536	SYNTHETIC	4
SRR7268537	SYNTHETIC	51
SRR7268538	SYNTHETIC	4
SRR7268539	SYNTHETIC	83
SRR7268540	SYNTHETIC	0
SRR7268541	SYNTHETIC	36
SRR7268542	SYNTHETIC	3
SRR7268543	SYNTHETIC	61
SRR7268544	SYNTHETIC	109
SRR7268545	SYNTHETIC	69.5
SRR7268546	SYNTHETIC	61
SRR7268547	SYNTHETIC	1
SRR7268548	SYNTHETIC	6
SRR7268549	SYNTHETIC	42
SRR7268550	SYNTHETIC	92
SRR7268551	SYNTHETIC	52
SRR7268552	SYNTHETIC	2
SRR7268553	SYNTHETIC	107
SRR7268554	SYNTHETIC	0
SRR7268555	SYNTHETIC	52
SRR7268556	SYNTHETIC	14.5
SRR7268557	SYNTHETIC	46
SRR20650155	SILAGE	550
SRR20650156	SILAGE	370
SRR20650157	SILAGE	515.058823529412
SRR20650158	SILAGE	460.789473684211
SRR20650159	SILAGE	351.857142857143
SRR20650160	SILAGE	456.1
SRR20650161	SILAGE	493.142857142857
SRR20650162	SILAGE	510
SRR20650163	SILAGE	421.111111111111
SRR20650164	SILAGE	516.5
SRR20650165	SILAGE	381.857142857143
SRR20650166	SILAGE	456.5
SRR20650167	SILAGE	603.909090909091
SRR20650168	SILAGE	517.5
SRR20650169	SILAGE	602.111111111111
SRR20650170	SILAGE	559
SRR20650171	SILAGE	351.25
SRR20650172	SILAGE	585.090909090909
SRR20650173	SILAGE	394.363636363636
SRR20650174	SILAGE	584.153846153846
SRR20650175	SILAGE	494.166666666667
SRR20650176	SILAGE	372.2
SRR20650177	SILAGE	491
SRR20650178	SILAGE	489.769230769231
SRR20650179	SILAGE	487.545454545455
SRR20650180	SILAGE	427.272727272727
SRR20650181	SILAGE	375.125
SRR20650182	SILAGE	373.75
SRR20650183	SILAGE	534.714285714286
SRR20650184	SILAGE	423.235294117647
SRR20650185	SILAGE	443.428571428571
SRR20650186	SILAGE	513
SRR20650187	SILAGE	382.6
SRR20650188	SILAGE	656.083333333333
SRR20650189	SILAGE	310.6
SRR6484253	FOODWASTE	58
SRR6484258	FOODWASTE	15.2
SRR6484259	FOODWASTE	2
SRR6484260	FOODWASTE	16.5
SRR6484261	FOODWASTE	0
SRR6484262	FOODWASTE	4
SRR6484263	FOODWASTE	15.5
SRR6484264	FOODWASTE	10.3333333333333
SRR6484265	FOODWASTE	7
SRR6484266	FOODWASTE	9
SRR6484267	FOODWASTE	18.6
SRR6484268	FOODWASTE	14
SRR6484273	FOODWASTE	6.75
SRR6484276	FOODWASTE	7
SRR6484277	FOODWASTE	8.5
SRR6484278	FOODWASTE	14
SRR6484279	FOODWASTE	14
SRR6484280	FOODWASTE	17.5
SRR6484281	FOODWASTE	16
SRR6484246	FOODWASTE	19
SRR6484247	FOODWASTE	35.1666666666667
SRR6484248	FOODWASTE	2
SRR6484249	FOODWASTE	29
SRR6484250	FOODWASTE	16
SRR6484251	FOODWASTE	9
SRR6484252	FOODWASTE	40.5
SRR6484254	FOODWASTE	14.875
SRR6484255	FOODWASTE	18.5
SRR6484256	FOODWASTE	3
SRR6484257	FOODWASTE	2
SRR6484269	FOODWASTE	5
SRR6484270	FOODWASTE	3
SRR6484271	FOODWASTE	11.5
SRR6484272	FOODWASTE	11
SRR6484274	FOODWASTE	0
SRR6484275	FOODWASTE	3
SRR7698539	SYNTHETIC	1
SRR2158275	MANURE	3681
